{
    "roberta": {
        "best_params": {
            "learning_rate": 2e-05,
            "weight_decay": 0.05,
            "batch_size": 8
        },
        "test_results": {
            "eval_loss": 0.08612936735153198,
            "eval_f1": 0.551125712376434,
            "eval_runtime": 43.1782,
            "eval_samples_per_second": 125.688,
            "eval_steps_per_second": 7.874,
            "epoch": 4.86677722498618
        }
    },
    "distilbert": {
        "best_params": {
            "learning_rate": 1.7997743733306353e-05,
            "weight_decay": 0.07112115433396532,
            "batch_size": 4
        },
        "test_results": {
            "eval_loss": 0.4941655397415161,
            "eval_f1": 0.00031537993426455934,
            "eval_runtime": 32.7287,
            "eval_samples_per_second": 165.818,
            "eval_steps_per_second": 20.746,
            "epoch": 0.29484935041002486
        }
    }
}