Category,Average Tokens,Average Unique Tokens
Female Nominees,4282.375,835.8970588235294
Male Nominees,2024.1496598639455,593.6802721088435
